مسلسل البند,رقم محضر الإجتماع,تاريخ الاجتماع,تاريخ النشر,تحميل
1,29/2020,"مايو 27, 2020 ",2 يونيو،2020,تحميل
2,28/2020,"مايو 19, 2020 ",19 مايو،2020,تحميل
3,27/2020,"مايو 5, 2020 ",5 مايو،2020,تحميل
4,26/2020,"إبريل 28, 2020 ",29 إبريل،2020,تحميل
5,25/2020,"إبريل 21, 2020 ",21 إبريل،2020,تحميل
6,24/2020,"إبريل 14, 2020 ",14 إبريل،2020,تحميل
7,23/2020,"إبريل 8, 2020 ",8 إبريل،2020,تحميل
8,22/2020,"إبريل 6, 2020 ",6 إبريل،2020,تحميل
9,21/2020,"مارس 25, 2020 ",25 مارس،2020,تحميل
10,20/2020,"مارس 15, 2020 ",25 مارس،2020,تحميل
11,19/2020,"مارس 11, 2020 ",25 مارس،2020,تحميل
12,18/2020,"مارس 9, 2020 ",25 مارس،2020,تحميل
13,17/2020,"مارس 4, 2020 ",15 مارس،2020,تحميل
14,16/2020,"مارس 2, 2020 ",15 مارس،2020,تحميل
15,15/2020,"فبراير 19, 2020 ",8 مارس،2020,تحميل
